case,max_abs,nrmse,atol,rtol,execution_kind,weight_source,activation_source
hand_sample,0,0,1e-06,0,PC_NATIVE,synthetic,synthetic
tile_random,0,0,1e-06,0,PC_NATIVE,synthetic,synthetic
nk_tail,0,0,1e-06,0,PC_NATIVE,synthetic,synthetic
three_groups,0,0,1e-06,0,PC_NATIVE,synthetic,synthetic
single,0,0,1e-06,0,PC_NATIVE,synthetic,synthetic
zeros,0,0,1e-06,0,PC_NATIVE,synthetic,synthetic
extremes,0,0,1e-06,0,PC_NATIVE,synthetic,synthetic
t4_compat,0,0,1e-06,0,PC_NATIVE,synthetic,synthetic
t8_compat,0,0,1e-06,0,PC_NATIVE,synthetic,synthetic
nonbinary_scale,0,0,1e-06,0,PC_NATIVE,synthetic,synthetic
padding_reserved,0,0,1e-06,0,PC_NATIVE,synthetic,synthetic
repeat_jobs,0,0,1e-06,0,PC_NATIVE,synthetic,synthetic
mlp_up_synthetic,0,0,1e-06,0,PC_NATIVE,synthetic,synthetic
mlp_down_synthetic,0,0,1e-06,0,PC_NATIVE,synthetic,synthetic
projection_synthetic,0,0,1e-06,0,PC_NATIVE,synthetic,synthetic
small_projection_synthetic,0,0,1e-06,0,PC_NATIVE,synthetic,synthetic
qwen35_gate_up_t1,0,0,0.0001,1e-05,PC_NATIVE,synthetic,synthetic
qwen35_gate_up_t2,0,0,0.0001,1e-05,PC_NATIVE,synthetic,synthetic
qwen35_gate_up_t3,0,0,0.0001,1e-05,PC_NATIVE,synthetic,synthetic
qwen35_gate_up_t4,0,0,0.0001,1e-05,PC_NATIVE,synthetic,synthetic
qwen35_gate_up_t5,0,0,0.0001,1e-05,PC_NATIVE,synthetic,synthetic
qwen35_gate_up_t6,0,0,0.0001,1e-05,PC_NATIVE,synthetic,synthetic
qwen35_gate_up_t7,0,0,0.0001,1e-05,PC_NATIVE,synthetic,synthetic
qwen35_gate_up_t8,0,0,0.0001,1e-05,PC_NATIVE,synthetic,synthetic
qwen35_down_t1,0,0,0.0001,1e-05,PC_NATIVE,synthetic,synthetic
qwen35_down_t2,0,0,0.0001,1e-05,PC_NATIVE,synthetic,synthetic
qwen35_down_t3,0,0,0.0001,1e-05,PC_NATIVE,synthetic,synthetic
qwen35_down_t4,0,0,0.0001,1e-05,PC_NATIVE,synthetic,synthetic
qwen35_down_t5,0,0,0.0001,1e-05,PC_NATIVE,synthetic,synthetic
qwen35_down_t6,0,0,0.0001,1e-05,PC_NATIVE,synthetic,synthetic
qwen35_down_t7,0,0,0.0001,1e-05,PC_NATIVE,synthetic,synthetic
qwen35_down_t8,0,0,0.0001,1e-05,PC_NATIVE,synthetic,synthetic
down_proj_t1,0,0,0.0001,1e-05,PC_NATIVE,real_Qwen3.5_layer0_down_proj,synthetic
down_proj_t8,0,0,0.0001,1e-05,PC_NATIVE,real_Qwen3.5_layer0_down_proj,synthetic
gate_proj_t1,0,0,0.0001,1e-05,PC_NATIVE,real_Qwen3.5_layer0_gate_proj,synthetic
gate_proj_t8,0,0,0.0001,1e-05,PC_NATIVE,real_Qwen3.5_layer0_gate_proj,synthetic
